{
  "hash": "9763eb27",
  "configHash": "8d1b47f4",
  "lockfileHash": "328b4169",
  "browserHash": "72c3bb09",
  "optimized": {
    "@angular/core": {
      "src": "../../../../../node_modules/@angular/core/fesm2022/core.mjs",
      "file": "@angular_core.js",
      "fileHash": "6ab8c30f",
      "needsInterop": false
    },
    "@angular/platform-browser": {
      "src": "../../../../../node_modules/@angular/platform-browser/fesm2022/platform-browser.mjs",
      "file": "@angular_platform-browser.js",
      "fileHash": "fc32339a",
      "needsInterop": false
    },
    "@angular/router": {
      "src": "../../../../../node_modules/@angular/router/fesm2022/router.mjs",
      "file": "@angular_router.js",
      "fileHash": "cec6e920",
      "needsInterop": false
    }
  },
  "chunks": {
    "chunk-TZSXU57R": {
      "file": "chunk-TZSXU57R.js"
    },
    "chunk-QGN3FAP6": {
      "file": "chunk-QGN3FAP6.js"
    }
  }
}